{
  "dataset_rows": 161,
  "test_rows": 33,
  "classification_accuracy": 0.48484848484848486,
  "classification_report": {
    "high": {
      "precision": 0.0,
      "recall": 0.0,
      "f1-score": 0.0,
      "support": 8.0
    },
    "low": {
      "precision": 0.6666666666666666,
      "recall": 0.36363636363636365,
      "f1-score": 0.47058823529411764,
      "support": 11.0
    },
    "medium": {
      "precision": 0.4444444444444444,
      "recall": 0.8571428571428571,
      "f1-score": 0.5853658536585366,
      "support": 14.0
    },
    "accuracy": 0.48484848484848486,
    "macro avg": {
      "precision": 0.3703703703703704,
      "recall": 0.4069264069264069,
      "f1-score": 0.3519846963175514,
      "support": 33.0
    },
    "weighted avg": {
      "precision": 0.41077441077441074,
      "recall": 0.48484848484848486,
      "f1-score": 0.40519977392287293,
      "support": 33.0
    }
  },
  "confusion_matrix_labels": [
    "low",
    "medium",
    "high"
  ],
  "confusion_matrix": [
    [
      4,
      7,
      0
    ],
    [
      2,
      12,
      0
    ],
    [
      0,
      8,
      0
    ]
  ],
  "regression_mae": 5.973193645477295,
  "regression_r2": -0.6105687618255615,
  "label_bins": {
    "q1": 79.0,
    "q2": 83.0
  }
}